<?xml version="1.0" encoding="UTF-8" standalone="yes"?>
<addon id="plugin.video.simplepvr" name="[B][COLOR red]SIMPLE[/COLOR][COLOR silver] PVR[/COLOR][/B]" version="1.0.0" provider-name="[COLOR red]MED[/COLOR]IA[COLOR red] CREATION[/COLOR]">
	<requires>
		<import addon="xbmc.python" version="2.1.0"/>
		<import addon="script.module.urlresolver" version="0.0.1"/>
        <import addon="script.module.requests" version="0.0.1"/>
		<import addon="script.module.xbmcswift2" version="2.4.0"/>
		<import addon="script.module.xbmcswift" version="0.2.0"/>
	</requires>
	<extension point="xbmc.python.pluginsource" library="addon.py">
		<provides>video</provides>
	</extension>
	<extension point="xbmc.addon.metadata">
		<summary lang="en"></summary>
		<description lang="en"></description>
		<disclaimer lang="en"></disclaimer>
		<language>English-Espanish</language>
		<platform>all</platform>
		<license></license>
		<forum></forum>
		<website></website>
		<email></email>
		<source></source>
	</extension>
</addon>
